ID Number,first_name,last_name,email,phone
480588,Gregg,Simo,gsimo0@slashdot.org,347-677-4141
785369,Lisetta,Phateplace,lphateplace1@digg.com,487-817-2908
361114,Talyah,Yakubovich,tyakubovich2@instagram.com,880-693-3493
757488,Cleve,Heel,cheel3@mayoclinic.com,164-477-2401
292924,Barnett,Keegan,bkeegan4@prlog.org,347-749-3414
112264,Renata,Stathers,rstathers5@howstuffworks.com,177-258-8231
354938,Jackquelin,Boulds,jboulds6@utexas.edu,976-615-0978
427887,Felipa,Bouller,fbouller7@youtube.com,998-836-5893
213003,Adrien,Mackney,amackney8@mysql.com,908-987-7467
938309,Clyve,Duchesne,cduchesne9@altervista.org,560-927-2015
390793,Darell,Antonikov,dantonikova@blog.com,159-894-1836
916312,Nanete,Stockdale,nstockdaleb@wikipedia.org,323-979-2868
902854,King,Keiling,kkeilingc@hugedomains.com,953-906-8891
546667,Brunhilde,Inch,binchd@google.com.au,384-865-7794
237244,Berthe,Baber,bbabere@tinyurl.com,889-592-5008
184122,Marcela,Beauman,mbeaumanf@apple.com,138-274-1633
866973,Alli,Hanselmann,ahanselmanng@e-recht24.de,910-799-2258
677485,Roselin,Sloan,rsloanh@purevolume.com,123-363-8131
632154,Forrester,Claiden,fclaideni@bigcartel.com,783-504-5626
728960,Corly,Trumper,ctrumperj@illinois.edu,815-485-3956
370448,Wylma,Mayworth,wmayworthk@pagesperso-orange.fr,130-699-3902
935933,Laura,Maypes,lmaypesl@cnn.com,172-672-7192
161168,Annabelle,Merdew,amerdewm@senate.gov,142-917-6024
962302,Jayme,Rowly,jrowlyn@ibm.com,809-581-3757
984629,Parry,Sivewright,psivewrighto@hud.gov,357-542-4531
618969,Duncan,Almey,dalmeyp@infoseek.co.jp,321-400-8779
377450,Alfi,Mullinger,amullingerq@t.co,678-424-2717
220863,Alvis,Tandy,atandyr@newyorker.com,255-532-2186
414905,Ervin,Rishbrook,erishbrooks@google.nl,208-612-7358
733935,North,Anthony,nanthonyt@patch.com,629-810-4414
191691,Brear,Bains,bbainsu@vk.com,163-376-4851
435059,Stepha,Skeldon,sskeldonv@addthis.com,497-568-0232
265848,Christina,Greener,cgreenerw@prlog.org,325-280-6161
226680,Hymie,Custard,hcustardx@technorati.com,651-974-2403
274946,Paige,Le Monnier,plemonniery@jugem.jp,432-214-9262
165146,Aurore,Donan,adonanz@sphinn.com,201-651-3784
994909,Inessa,Donisi,idonisi10@squarespace.com,818-339-9188
934257,Novelia,Cogdell,ncogdell11@google.it,724-336-1101
219223,Lovell,Reynalds,lreynalds12@nba.com,234-318-6942
942953,Jewell,Langridge,jlangridge13@tripadvisor.com,202-701-0966
172405,Carlo,Boays,cboays14@live.com,742-832-2539
908113,Temple,Trahearn,ttrahearn15@yahoo.co.jp,513-565-1919
374112,Walden,Troake,wtroake16@plala.or.jp,703-141-4070
935650,Ricky,Abbatucci,rabbatucci17@dot.gov,795-713-9653
168541,Granny,O'Tierney,gotierney18@google.com.hk,698-198-1964
972420,Elmira,Haggus,ehaggus19@hubpages.com,899-283-4367
258098,Murial,Tregea,mtregea1a@deliciousdays.com,475-822-4292
462412,Ally,Gilkison,agilkison1b@statcounter.com,529-750-7617
305933,Clarinda,Tweedle,ctweedle1c@uiuc.edu,503-408-0762
803087,Seana,Mulles,smulles1d@dyndns.org,378-781-9598
418667,Olwen,Flucker,oflucker1e@umn.edu,443-896-0557
913756,Rafe,Matejovsky,rmatejovsky1f@telegraph.co.uk,971-235-8066
241765,Addy,Reston,areston1g@wp.com,671-525-8119
321434,Javier,Bohl,jbohl1h@weather.com,621-677-2001
221919,Kipp,Gue,kgue1i@cafepress.com,563-144-4354
996488,Fianna,Scourgie,fscourgie1j@qq.com,841-818-6180
547350,Seka,Vivash,svivash1k@deviantart.com,501-702-3178
345951,Emmery,Hallatt,ehallatt1l@mozilla.org,755-121-6083
300911,Ortensia,Escalante,oescalante1m@gizmodo.com,940-866-8795
467975,Monika,Bichard,mbichard1n@alexa.com,911-367-4657
433944,Candi,Dobbyn,cdobbyn1o@bbb.org,236-205-6582
212568,Cullan,Gatley,cgatley1p@sogou.com,904-225-7377
102857,Ber,Renac,brenac1q@chronoengine.com,310-629-7297
154781,Cyndi,Saddington,csaddington1r@google.it,834-311-2333
243225,Marijo,Brookesbie,mbrookesbie1s@ow.ly,963-403-5612
417230,Garey,Geggus,ggeggus1t@cdc.gov,935-738-7006
362215,Elly,Tatton,etatton1u@1und1.de,218-594-6816
701484,Rozanne,Dorbon,rdorbon1v@spotify.com,130-760-0119
334242,Zelig,Waddicor,zwaddicor1w@fc2.com,968-342-0211
849943,Cecil,Jacquemard,cjacquemard1x@zimbio.com,409-472-2162
300552,Darelle,Gimeno,dgimeno1y@foxnews.com,710-692-9818
941318,Beverie,Sloat,bsloat1z@newyorker.com,503-495-3156
745541,Sabine,Cullinane,scullinane20@skyrock.com,615-579-0761
581413,Ursola,Dudgeon,ududgeon21@myspace.com,772-771-9973
331368,Kathrine,Thame,kthame22@woothemes.com,139-206-7667
735943,Jarrad,Lightbown,jlightbown23@google.it,274-543-4798
512933,Catlee,Clifft,cclifft24@liveinternet.ru,818-291-2334
836125,Pebrook,Popland,ppopland25@google.com.hk,969-733-5413
127862,Stephine,Handrek,shandrek26@pen.io,710-759-6031
724898,Alleen,Sholem,asholem27@cam.ac.uk,501-641-5002
402630,Tatiania,French,tfrench28@jalbum.net,760-897-9893
499734,Elwyn,Wadforth,ewadforth29@joomla.org,897-809-1983
561684,Lurleen,Ceyssen,lceyssen2a@psu.edu,827-950-1075
969382,Merralee,Plastow,mplastow2b@sina.com.cn,452-837-0322
209820,Augustus,Bruckman,abruckman2c@miibeian.gov.cn,360-432-6447
611530,Redford,Bartram,rbartram2d@wikispaces.com,610-291-9816
589392,Chrystel,Girvan,cgirvan2e@facebook.com,685-818-4896
897644,Bobbie,Demetr,bdemetr2f@noaa.gov,655-311-3263
204959,Beret,Lujan,blujan2g@blogtalkradio.com,371-971-8003
849852,Christiano,Peatt,cpeatt2h@xinhuanet.com,822-838-8965
303424,Jud,Yousef,jyousef2i@nhs.uk,202-286-1336
245767,Gaven,Hyndes,ghyndes2j@ask.com,767-141-0395
767916,Enid,Collip,ecollip2k@imageshack.us,411-513-2899
284219,Beaufort,Cowderoy,bcowderoy2l@hostgator.com,202-917-2307
479923,Mikkel,Borell,mborell2m@nyu.edu,394-149-4135
972498,Aleksandr,Pepall,apepall2n@foxnews.com,497-463-7242
191105,Thebault,Foucard,tfoucard2o@cpanel.net,135-981-5995
236824,Dane,Elcox,delcox2p@msu.edu,249-798-4716
997552,Kipper,Lundberg,klundberg2q@amazon.co.uk,960-274-5380
531697,Randee,Domney,rdomney2r@odnoklassniki.ru,971-689-9654
454904,Kara,Diggles,kdiggles2s@amazonaws.com,186-621-6466
883861,Gretel,O'Spellissey,gospellissey2t@domainmarket.com,987-490-2063
237642,Rosalie,Morrel,rmorrel2u@fema.gov,302-669-9160
666881,Isiahi,Tartt,itartt2v@nih.gov,398-201-6292
451543,Ignazio,Powton,ipowton2w@hostgator.com,736-548-9258
332747,Mathias,Dolley,mdolley2x@fda.gov,284-977-1286
434343,Diann,Ofer,dofer2y@surveymonkey.com,978-643-3847
322527,Vickie,Piburn,vpiburn2z@wix.com,696-293-8132
539495,Celle,Scammell,cscammell30@ameblo.jp,925-520-1945
676640,Noelani,Nourse,nnourse31@delicious.com,373-148-4170
847422,Jasper,Willbraham,jwillbraham32@dailymail.co.uk,338-925-3517
987011,Dyanne,Zmitruk,dzmitruk33@tripadvisor.com,314-711-3499
552467,Sasha,Pendlebery,spendlebery34@mashable.com,107-390-1562
305894,Sasha,Huckstepp,shuckstepp35@github.com,656-185-2232
164475,Osmund,Greenless,ogreenless36@reuters.com,278-985-6326
841393,Rriocard,Ickovici,rickovici37@cocolog-nifty.com,440-778-8338
335524,Antone,Klimpt,aklimpt38@cnbc.com,953-398-6706
713734,Buckie,Julian,bjulian39@huffingtonpost.com,857-561-2151
777139,Brandyn,Freeberne,bfreeberne3a@chronoengine.com,359-965-0155
500499,Nerte,Di Ruggiero,ndiruggiero3b@bizjournals.com,471-276-3071
409229,Lazare,Pickvance,lpickvance3c@ustream.tv,103-444-6067
481393,Margaux,Faire,mfaire3d@nasa.gov,513-787-3733
379854,Bendick,Rushbrooke,brushbrooke3e@theatlantic.com,603-371-2956
729173,Jeanette,Drepp,jdrepp3f@wunderground.com,976-655-6854
210995,Anallise,Sadd,asadd3g@nih.gov,884-752-7421
382748,Nickey,McElhargy,nmcelhargy3h@de.vu,678-586-7978
239600,Ulysses,Binyon,ubinyon3i@1688.com,550-355-6348
550560,Martie,Bibbie,mbibbie3j@ft.com,982-761-8042
838118,Alvina,Yerrall,ayerrall3k@cmu.edu,713-273-3524
270123,Betteann,Wellen,bwellen3l@twitter.com,854-813-9128
896646,Terza,Huard,thuard3m@uiuc.edu,896-757-0796
762020,Andre,Younge,ayounge3n@wix.com,840-210-4695
997287,Shirley,Defraine,sdefraine3o@woothemes.com,812-335-4115
185340,Odessa,Gates,ogates3p@abc.net.au,939-134-3716
841613,Julienne,Really,jreally3q@imageshack.us,728-970-9626
305225,Riane,Boow,rboow3r@utexas.edu,304-408-5507
804793,Sol,Shambroke,sshambroke3s@msu.edu,901-217-2619
862769,Shepperd,Marguerite,smarguerite3t@jiathis.com,939-436-7047
473014,Lulu,Gethings,lgethings3u@unicef.org,585-553-0221
820876,Kincaid,Latta,klatta3v@cocolog-nifty.com,984-910-6938
967977,Felix,Challender,fchallender3w@123-reg.co.uk,210-471-0275
999636,Byrom,Tace,btace3x@canalblog.com,888-349-2677
960705,Lem,Cadore,lcadore3y@dmoz.org,754-250-0616
437131,Yasmeen,Baszkiewicz,ybaszkiewicz3z@biblegateway.com,717-532-5155
620200,Abner,Stoneman,astoneman40@businessinsider.com,457-371-9259
652548,Ashla,Sandever,asandever41@columbia.edu,280-850-2483
746160,Moore,Keppie,mkeppie42@technorati.com,135-958-3794
976142,Kassandra,Champness,kchampness43@facebook.com,730-258-8562
801802,Katey,Beetles,kbeetles44@huffingtonpost.com,947-944-2879
395505,Ulric,Clouter,uclouter45@msn.com,223-282-9603
105696,Manda,Sprules,msprules46@amazon.de,480-315-8704
466570,Marlow,Rabidge,mrabidge47@samsung.com,940-184-7782
419871,Bradley,Ruprechter,bruprechter48@lycos.com,373-142-2154
996274,Patrick,Blamire,pblamire49@exblog.jp,109-393-9150
292457,Clea,Grasser,cgrasser4a@tinypic.com,832-817-0875
529491,Yvonne,Grimestone,ygrimestone4b@dedecms.com,554-234-2630
281655,Dayle,Sirey,dsirey4c@walmart.com,207-929-1370
557872,Joannes,Calvard,jcalvard4d@washington.edu,337-493-1323
837332,Saunderson,Plett,splett4e@liveinternet.ru,616-818-9494
959370,Dimitry,Manach,dmanach4f@hatena.ne.jp,199-685-0342
261078,Benoit,Whitty,bwhitty4g@tiny.cc,471-178-8471
764320,Zora,Burchall,zburchall4h@twitter.com,385-790-4943
438030,Jeth,Scade,jscade4i@dailymotion.com,998-405-8051
438329,Joscelin,Flegg,jflegg4j@squidoo.com,634-430-0652
926813,Lolly,Bellelli,lbellelli4k@google.fr,725-512-4422
634105,Patrice,Etridge,petridge4l@yellowbook.com,812-731-9090
358064,Gerard,Mouan,gmouan4m@mit.edu,802-814-8273
899671,Brig,Kmieciak,bkmieciak4n@usgs.gov,690-961-5342
515617,Catarina,Corsor,ccorsor4o@spiegel.de,481-502-0128
492373,Jorgan,Frankish,jfrankish4p@latimes.com,915-281-8761
284420,Odessa,Millin,omillin4q@xrea.com,729-806-0697
837663,Dukey,Powdrill,dpowdrill4r@toplist.cz,107-945-2675
506525,Dorolice,Belloch,dbelloch4s@zimbio.com,926-987-5072
515324,Trever,Schutt,tschutt4t@flickr.com,756-756-8465
240132,Harlen,Jedrych,hjedrych4u@imdb.com,204-947-1240
220178,Heidi,Bartles,hbartles4v@a8.net,962-353-4305
525665,Isabelle,Doniso,idoniso4w@independent.co.uk,189-138-6124
206445,Freeland,Pursehouse,fpursehouse4x@omniture.com,475-499-0763
519053,Wenonah,MacAindreis,wmacaindreis4y@va.gov,195-922-2155
813666,Hube,Valente,hvalente4z@house.gov,873-844-2699
715815,Cathleen,Matuschek,cmatuschek50@phoca.cz,655-682-8081
356238,Shawnee,Retchless,sretchless51@hugedomains.com,319-440-1954
189553,Louie,Holgan,lholgan52@google.com.au,699-117-8937
610418,Tamqrah,Shingler,tshingler53@ft.com,336-332-6238
989182,Bobinette,Tackley,btackley54@theguardian.com,566-167-8987
336697,Murray,Llop,mllop55@ucsd.edu,589-866-0676
882558,Bertha,Bloxsum,bbloxsum56@rambler.ru,450-960-2761
572970,Hilario,Baxendale,hbaxendale57@51.la,600-981-3314
770053,Lane,Kobsch,lkobsch58@sohu.com,738-523-0819
828972,Matilde,McCaster,mmccaster59@hexun.com,808-778-7551
124039,Brannon,Melville,bmelville5a@ucoz.ru,972-980-8637
418563,Lyndy,Stieger,lstieger5b@ycombinator.com,739-272-4152
800413,Alaric,Conichie,aconichie5c@apple.com,742-709-7252
776763,Jasun,Springford,jspringford5d@acquirethisname.com,514-741-9217
260176,Andreas,Allitt,aallitt5e@scientificamerican.com,950-215-8127
615723,Dwayne,McQuorkell,dmcquorkell5f@bravesites.com,749-566-3552
526707,Herrick,Moggle,hmoggle5g@flavors.me,522-817-4620
664843,Brnaby,Markel,bmarkel5h@qq.com,291-974-1606
112086,Charla,Cominotti,ccominotti5i@goodreads.com,294-652-1892
321746,Trstram,Chadbourn,tchadbourn5j@npr.org,199-997-4773
103381,Gerti,Arbon,garbon5k@hibu.com,109-594-1972
630269,Harrietta,Patullo,hpatullo5l@mapquest.com,139-178-0662
938811,Stafani,Bach,sbach5m@cnet.com,136-307-3049
343882,Milissent,Book,mbook5n@nba.com,180-978-0280
941389,Early,Droogan,edroogan5o@europa.eu,361-352-6928
932040,Weber,Dunbabin,wdunbabin5p@samsung.com,277-587-7168
803656,Faber,Behneke,fbehneke5q@accuweather.com,501-196-6955
779479,Shellie,Ormston,sormston5r@uol.com.br,282-128-5239
371032,Manon,Codi,mcodi5s@springer.com,854-308-2674
890899,Frederigo,Bullers,fbullers5t@moonfruit.com,915-577-9292
368561,Gabie,Hartus,ghartus5u@cdbaby.com,496-345-8872
515814,Domini,Splaven,dsplaven5v@imdb.com,186-318-1704
976133,Lani,Coulling,lcoulling5w@google.com.au,564-593-5029
880050,Matilda,Stormes,mstormes5x@ehow.com,538-224-6334
289914,El,Paydon,epaydon5y@symantec.com,615-628-0217
715821,Andrea,Basler,abasler5z@google.nl,803-637-6577
129370,Kaspar,Mines,kmines60@ox.ac.uk,465-676-8474
531780,Ben,Lahiff,blahiff61@vk.com,675-763-5065
598403,Jobye,Strettle,jstrettle62@tripadvisor.com,739-377-2840
391700,Ingemar,Arman,iarman63@ehow.com,294-703-9649
626289,Michaeline,Cotty,mcotty64@nasa.gov,676-815-2153
478747,Mathilda,Docker,mdocker65@nps.gov,718-134-4716
687234,Garrard,Marie,gmarie66@wisc.edu,845-114-3624
569771,Roldan,Wintringham,rwintringham67@rambler.ru,121-946-2392
581594,Giraldo,Core,gcore68@taobao.com,528-827-6450
425822,Koral,MacPeice,kmacpeice69@cpanel.net,233-913-1478
677381,Theresita,Cossington,tcossington6a@boston.com,939-948-9283
547077,Claus,Cossar,ccossar6b@skype.com,949-485-4453
415754,Alie,Gricewood,agricewood6c@ezinearticles.com,417-567-7778
630459,Renata,Mimmack,rmimmack6d@i2i.jp,924-227-4243
733917,Ellis,Bore,ebore6e@soup.io,363-545-7960
446564,Aleen,Chadwick,achadwick6f@wikipedia.org,138-979-1952
436179,Meghann,Corsor,mcorsor6g@hugedomains.com,701-100-9878
838518,Gabby,Peaple,gpeaple6h@nymag.com,139-215-2184
890529,Ailene,Turley,aturley6i@tamu.edu,712-931-2493
287419,Saudra,Nell,snell6j@quantcast.com,221-788-4638
727851,Mayor,Jamot,mjamot6k@psu.edu,904-409-2448
635619,Efrem,MacDearmid,emacdearmid6l@typepad.com,274-921-4566
693363,Ellyn,Colliar,ecolliar6m@mac.com,458-808-3267
898812,Morgen,Casarili,mcasarili6n@unc.edu,911-108-4496
201125,Laurene,McAlinion,lmcalinion6o@cbc.ca,398-121-7483
191313,Jewel,Cohen,jcohen6p@storify.com,808-250-9099
522945,Gardy,Durnin,gdurnin6q@google.co.jp,388-221-0708
568103,Chet,Greguoli,cgreguoli6r@networksolutions.com,495-828-7354
585398,Jacquette,Keegan,jkeegan6s@berkeley.edu,535-153-3342
445732,Marena,Glasby,mglasby6t@so-net.ne.jp,330-446-6054
633994,Brent,Winger,bwinger6u@virginia.edu,986-411-7673
424010,Ema,Stockney,estockney6v@va.gov,859-221-1283
856936,Taffy,Penella,tpenella6w@kickstarter.com,626-969-8983
520254,Dulci,Purrier,dpurrier6x@cnet.com,558-560-3549
975648,Emlynn,Castelyn,ecastelyn6y@marriott.com,385-223-4991
906394,Zeb,Scherme,zscherme6z@naver.com,980-263-1462
413483,Arch,Driutti,adriutti70@ask.com,421-659-5135
543026,Adrianna,Betjeman,abetjeman71@state.gov,148-223-8463
756019,Yves,Sives,ysives72@biblegateway.com,174-520-5897
701087,Kasey,Prickett,kprickett73@360.cn,776-944-5836
858641,Mathilde,Tesdale,mtesdale74@wisc.edu,212-430-0415
465078,Wanids,Owtram,wowtram75@imgur.com,373-286-6077
767360,Beitris,Robb,brobb76@woothemes.com,868-836-8859
733812,Delphinia,Golightly,dgolightly77@qq.com,740-301-4108
617298,Lonnard,Gowlett,lgowlett78@prlog.org,220-283-9751
659486,Cacilie,Pien,cpien79@va.gov,442-910-0916
350588,Fiann,Shine,fshine7a@seattletimes.com,350-649-8514
932237,Kelwin,Hallede,khallede7b@amazon.com,268-675-7393
850192,Gabriel,Secrett,gsecrett7c@geocities.com,556-269-6347
234395,Averyl,Haysham,ahaysham7d@blogs.com,808-555-3091
237868,Jeri,Le Houx,jlehoux7e@is.gd,595-331-0578
187197,Hamnet,Brant,hbrant7f@cmu.edu,190-682-5645
339227,Sonnie,McElrath,smcelrath7g@unblog.fr,300-245-3169
873822,Patrizius,Grindell,pgrindell7h@blog.com,385-774-2019
203672,Tim,Salsbury,tsalsbury7i@tmall.com,559-556-8551
863044,Lydon,Brear,lbrear7j@pagesperso-orange.fr,991-658-6489
495808,Karoly,Kuhnhardt,kkuhnhardt7k@imdb.com,407-634-8722
531825,Theo,Fader,tfader7l@stanford.edu,724-756-6040
238578,Ivory,O'Gormally,iogormally7m@ca.gov,918-489-9247
856368,Tito,M'Quharge,tmquharge7n@amazon.com,119-434-7572
382944,Douglass,Rack,drack7o@statcounter.com,669-593-5145
634348,Briny,Sallnow,bsallnow7p@zdnet.com,886-401-1305
690112,Bronny,Neads,bneads7q@gov.uk,714-195-8677
287487,Ryann,Petrovsky,rpetrovsky7r@nydailynews.com,294-773-8385
901287,Joaquin,Rugg,jrugg7s@adobe.com,774-571-0583
897830,Ellynn,Mathieson,emathieson7t@elegantthemes.com,674-393-8510
729662,Kissee,Dalgetty,kdalgetty7u@ft.com,657-174-3754
717810,Nikolos,Willows,nwillows7v@quantcast.com,842-196-5846
363063,Livvie,Gullen,lgullen7w@va.gov,160-390-8887
870929,Goran,Ambrogio,gambrogio7x@mysql.com,704-991-0373
933220,Neala,Dansey,ndansey7y@example.com,917-394-4638
206079,Albie,Scutter,ascutter7z@facebook.com,621-662-7044
111678,Reidar,Lovelock,rlovelock80@zdnet.com,401-396-3710
377978,Maribeth,Brehat,mbrehat81@wp.com,960-121-0644
575580,Alec,Greenrod,agreenrod82@about.me,941-906-6821
775827,Barnett,Eingerfield,beingerfield83@businesswire.com,747-368-9240
685809,Hobey,Jennison,hjennison84@vimeo.com,302-402-1326
138667,Ilysa,Maccrea,imaccrea85@princeton.edu,707-520-7352
822511,Meara,Kelsall,mkelsall86@github.com,709-155-2744
183128,Meredith,Chat,mchat87@dmoz.org,338-938-2940
232608,Yehudi,Campa,ycampa88@wordpress.org,726-513-8532
528427,Wait,Guppie,wguppie89@blogs.com,369-844-0975
247766,Joey,De Cruce,jdecruce8a@adobe.com,616-896-3895
635889,Trudey,Perview,tperview8b@mediafire.com,343-202-6665
812115,Angele,Bartolomivis,abartolomivis8c@simplemachines.org,205-323-7424
709436,Curcio,Sinisbury,csinisbury8d@biblegateway.com,157-502-0704
836847,Teddie,Bullocke,tbullocke8e@chron.com,948-916-6855
457815,Vladimir,Wipper,vwipper8f@netlog.com,987-370-8224
974569,Hugo,Palmer,hpalmer8g@artisteer.com,604-973-4905
312725,Kort,Snuggs,ksnuggs8h@cdbaby.com,153-902-8707
649496,Gaven,Caveney,gcaveney8i@wikispaces.com,664-568-7337
987078,Ricard,Drissell,rdrissell8j@mapy.cz,956-600-3282
358483,Delphinia,Tull,dtull8k@liveinternet.ru,549-332-4918
135223,Tallou,Fingleton,tfingleton8l@bloglovin.com,646-463-7955
586075,Bronny,Astles,bastles8m@rakuten.co.jp,361-862-8347
918881,Silva,Kauscher,skauscher8n@webnode.com,325-319-3839
762160,Abbi,Smullin,asmullin8o@yelp.com,410-404-0439
306422,Patty,Litster,plitster8p@who.int,495-471-6135
392731,Juliette,Seear,jseear8q@gravatar.com,796-427-5696
408494,Hayley,Josephsen,hjosephsen8r@themeforest.net,614-885-1877
390327,Arlette,Yatman,ayatman8s@sourceforge.net,436-596-6841
214116,Katusha,Tredinnick,ktredinnick8t@oakley.com,752-985-2565
642924,Maiga,Jojic,mjojic8u@ow.ly,655-632-7527
470514,Rogers,Iacovolo,riacovolo8v@amazon.co.uk,673-652-7323
641166,Gearalt,Gayther,ggayther8w@dmoz.org,683-590-2964
696117,Madelina,Elington,melington8x@oracle.com,179-217-9839
991718,Hayward,Vanyutin,hvanyutin8y@yale.edu,405-311-7300
799327,Meredithe,Matusiak,mmatusiak8z@examiner.com,329-522-9012
267374,Lillis,Andreazzi,landreazzi90@livejournal.com,526-507-7706
654996,Orion,Hilling,ohilling91@ucla.edu,652-136-1448
641852,Florenza,England,fengland92@adobe.com,170-510-2843
184694,Gennie,Polglase,gpolglase93@umich.edu,367-501-1922
148233,Nicol,Wollrauch,nwollrauch94@comsenz.com,577-286-5702
841540,Kristoffer,Spellacy,kspellacy95@guardian.co.uk,946-743-4417
464186,Regine,Piggrem,rpiggrem96@state.tx.us,210-739-4360
313715,Kylie,Willimont,kwillimont97@acquirethisname.com,938-420-5495
344717,Dorotea,McMichell,dmcmichell98@sitemeter.com,992-620-7475
715122,Noby,Fardoe,nfardoe99@google.com.br,165-509-5853
682997,Alfredo,Bertelet,abertelet9a@goodreads.com,843-331-2857
781099,Derby,Petheridge,dpetheridge9b@bloglovin.com,304-774-3657
458732,Bill,Treamayne,btreamayne9c@uol.com.br,513-474-4519
995075,Juditha,Curton,jcurton9d@usa.gov,364-797-6964
121715,Basilio,Neilson,bneilson9e@xrea.com,473-788-7492
447069,Desdemona,Lumley,dlumley9f@woothemes.com,907-153-2209
959869,Terrance,Arundale,tarundale9g@bing.com,302-247-8774
113910,Isidro,Kellaway,ikellaway9h@craigslist.org,695-479-8041
721810,Kalila,Roughan,kroughan9i@liveinternet.ru,106-835-5758
871894,Dionisio,Cuttings,dcuttings9j@ox.ac.uk,887-475-3873
345993,Reuven,Bellord,rbellord9k@time.com,172-349-3747
121770,Merle,Dudmarsh,mdudmarsh9l@linkedin.com,305-166-5649
370027,Annabella,Pester,apester9m@storify.com,383-341-8408
430506,Margarete,Swinden,mswinden9n@printfriendly.com,179-821-2853
850978,Parry,Walworche,pwalworche9o@yahoo.co.jp,195-129-5837
358373,Gardner,Killoran,gkilloran9p@accuweather.com,318-324-9339
842162,Kelcie,Medlicott,kmedlicott9q@fema.gov,851-364-7720
712094,Hashim,Kleynen,hkleynen9r@mlb.com,698-456-0813
920478,Kiley,Duggen,kduggen9s@china.com.cn,699-521-8843
648268,Ody,Jeskins,ojeskins9t@sfgate.com,976-345-0635
317174,Gleda,Axon,gaxon9u@sun.com,766-930-9113
162694,Hughie,Doherty,hdoherty9v@stanford.edu,220-860-9305
513685,Frankie,Broggini,fbroggini9w@illinois.edu,478-540-5209
276049,Nedi,Churms,nchurms9x@mapquest.com,949-858-5591
739428,Caryl,Vaudre,cvaudre9y@ocn.ne.jp,712-672-9212
558925,Donnell,Corbould,dcorbould9z@census.gov,345-139-0076
777145,Timi,Girvan,tgirvana0@flavors.me,919-385-8786
268830,Peggi,Pearcey,ppearceya1@studiopress.com,122-171-0743
755592,Rod,Linzey,rlinzeya2@google.fr,761-897-7691
173834,Ephrayim,Drinan,edrinana3@chicagotribune.com,388-936-3683
862521,Silvia,Garman,sgarmana4@statcounter.com,342-805-5106
363488,Amelie,McTrustam,amctrustama5@purevolume.com,444-901-1750
994784,Guenna,Eilhersen,geilhersena6@netvibes.com,271-830-0598
665656,Nikos,Scolli,nscollia7@jalbum.net,591-359-8249
378060,Beau,Drummond,bdrummonda8@prweb.com,472-585-5990
438374,Bordie,Belison,bbelisona9@cpanel.net,720-674-0773
349393,Maison,Barstock,mbarstockaa@examiner.com,676-624-6382
230166,Torin,Gurnay,tgurnayab@cornell.edu,442-283-8452
371029,Johannah,Lyon,jlyonac@shop-pro.jp,254-226-5706
664929,Duff,Warmisham,dwarmishamad@discuz.net,364-290-9510
872252,Pete,Sands,psandsae@shareasale.com,827-731-1171
692391,Mariam,Chatainier,mchatainieraf@purevolume.com,679-743-3807
488877,Kennett,Gorstidge,kgorstidgeag@fotki.com,866-639-0981
694251,Prentiss,Smy,psmyah@tumblr.com,891-510-3713
851854,Dominick,Simmans,dsimmansai@prweb.com,379-634-8921
690873,Nisse,Hanretty,nhanrettyaj@comsenz.com,988-432-4020
807880,Ana,Mattia,amattiaak@wix.com,399-202-1540
450412,Dallis,Verlinde,dverlindeal@cocolog-nifty.com,672-516-1696
474304,Cozmo,Newitt,cnewittam@wikia.com,996-931-6379
840024,Herrick,Moralas,hmoralasan@zimbio.com,522-565-3380
174693,Jacquelynn,Mongain,jmongainao@cbslocal.com,764-919-2635
943824,Renault,Tackett,rtackettap@diigo.com,919-725-6877
325934,Glad,Maginn,gmaginnaq@tinyurl.com,543-611-2808
546123,Sollie,Bendan,sbendanar@harvard.edu,333-782-7608
186168,Tobe,Senecaux,tsenecauxas@netvibes.com,316-204-0950
719709,Shirl,Lorkin,slorkinat@twitter.com,653-775-9246
862449,Mallory,Barth,mbarthau@github.io,410-557-1497
938396,Rolf,Moses,rmosesav@sbwire.com,781-647-5703
814929,Dulcy,Brignell,dbrignellaw@foxnews.com,658-529-0341
484873,Riki,Piecha,rpiechaax@tumblr.com,515-188-8650
311172,Chet,Hallawell,challawellay@networkadvertising.org,314-249-8351
999533,Lewiss,Smitheman,lsmithemanaz@jalbum.net,439-471-2198
218674,Saidee,Chartman,schartmanb0@epa.gov,665-981-8017
367971,Hanan,Romand,hromandb1@goo.ne.jp,672-443-2412
553121,Ashby,Tantum,atantumb2@pcworld.com,609-361-5486
543985,Hedwig,Celiz,hcelizb3@bandcamp.com,846-847-9444
361638,Lucille,Cunrado,lcunradob4@skype.com,570-874-2400
888940,Hunfredo,Fitzroy,hfitzroyb5@pcworld.com,164-219-4856
643671,Bryn,Boxill,bboxillb6@blogspot.com,299-169-5742
994553,Hale,Formilli,hformillib7@tumblr.com,507-120-3461
893604,Don,Halpine,dhalpineb8@slate.com,561-983-3020
307272,Nerissa,Manktelow,nmanktelowb9@sfgate.com,342-729-5999
776819,Elspeth,O'Devey,eodeveyba@macromedia.com,447-196-5681
944312,Othilia,Richie,orichiebb@nyu.edu,599-277-6506
524779,Talbot,Domican,tdomicanbc@posterous.com,530-309-6888
610789,Odille,Oppie,ooppiebd@arizona.edu,541-341-9788
754083,Dyann,Acom,dacombe@storify.com,481-616-8654
411899,Nollie,Digwood,ndigwoodbf@netscape.com,987-705-0466
512348,Carie,Simms,csimmsbg@examiner.com,966-987-0996
597537,Zulema,Boxill,zboxillbh@gov.uk,110-160-4885
707148,Wyatt,Piegrome,wpiegromebi@pagesperso-orange.fr,689-426-8698
905957,Gwynne,Gillespie,ggillespiebj@hhs.gov,601-393-5146
887235,Chery,Arter,carterbk@time.com,253-489-9735
638746,Hermione,Zukerman,hzukermanbl@1und1.de,969-296-7164
414551,Payton,La Batie,plabatiebm@1688.com,176-285-5942
688467,Tory,Dudgeon,tdudgeonbn@google.cn,262-760-6648
680874,Monika,Kirstein,mkirsteinbo@jiathis.com,887-917-5524
888058,Clo,Kennewell,ckennewellbp@yolasite.com,658-115-0237
852951,Hardy,Guppie,hguppiebq@prnewswire.com,787-111-3481
930500,Nerita,Doby,ndobybr@mysql.com,170-640-7571
615759,Rosa,Naptine,rnaptinebs@pbs.org,553-972-7768
926061,Burton,Gwilym,bgwilymbt@hubpages.com,232-569-5637
941398,Matti,Hanny,mhannybu@angelfire.com,870-246-2012
658779,Lona,Parade,lparadebv@tuttocitta.it,163-642-7689
156519,Salmon,Varley,svarleybw@privacy.gov.au,931-276-5902
324203,Fallon,Boucher,fboucherbx@google.com.au,925-464-1219
448193,Bonita,Lombardo,blombardoby@hugedomains.com,419-123-6530
142389,Corinne,Grennan,cgrennanbz@unblog.fr,269-943-9554
706342,Kerrie,Houlton,khoultonc0@epa.gov,356-419-3172
414494,Leena,Farebrother,lfarebrotherc1@exblog.jp,262-286-5421
917998,Siusan,Whotton,swhottonc2@thetimes.co.uk,787-332-6253
479374,Papageno,Stoppard,pstoppardc3@tripadvisor.com,363-925-0843
705525,Abbe,Caris,acarisc4@csmonitor.com,890-515-3624
566579,Eliot,Zannini,ezanninic5@jugem.jp,700-343-7124
643102,Amerigo,Gawne,agawnec6@umn.edu,352-442-2402
931699,Yalonda,Braznell,ybraznellc7@mayoclinic.com,119-332-9680
248532,Fernandina,Vercruysse,fvercruyssec8@sun.com,383-933-1962
906933,Thorsten,Tayler,ttaylerc9@nba.com,159-618-2465
485758,Adolf,Crinage,acrinageca@google.ru,900-227-4322
480094,Dorine,Carrell,dcarrellcb@microsoft.com,896-946-1074
131443,Marena,McOwan,mmcowancc@cnn.com,741-616-0463
693097,Marinna,Donet,mdonetcd@epa.gov,224-366-9609
615254,Freida,Greatland,fgreatlandce@list-manage.com,374-387-2933
601666,Olva,Novkovic,onovkoviccf@google.ru,696-770-2349
610112,Justinn,Pillington,jpillingtoncg@ehow.com,590-895-1601
836153,Trev,Carpmile,tcarpmilech@theguardian.com,470-293-1560
118987,Alysa,Faulds,afauldsci@fc2.com,662-282-2925
540297,Solomon,Cordy,scordycj@gov.uk,915-988-2828
438608,Regina,Bloodworth,rbloodworthck@yahoo.com,313-322-3148
264786,Courtnay,Dreschler,cdreschlercl@1688.com,310-306-4389
113729,Taite,Errey,terreycm@infoseek.co.jp,435-787-5221
912084,Willa,Honig,whonigcn@feedburner.com,566-538-4901
469485,Ezequiel,Sedgemore,esedgemoreco@bigcartel.com,591-213-0421
415615,Zorine,Moscone,zmosconecp@dedecms.com,567-179-1550
528471,Dela,Pilbeam,dpilbeamcq@sphinn.com,243-816-2072
772615,Linnea,Applegate,lapplegatecr@tinyurl.com,340-970-3571
244132,Dennison,Linfitt,dlinfittcs@cbsnews.com,940-189-8622
648707,Neille,Richarson,nricharsonct@kickstarter.com,553-970-0399
298985,Wynny,Hellen,whellencu@google.ru,344-216-9497
709078,Mary,Byles,mbylescv@nih.gov,852-786-9572
954359,Niccolo,Heeps,nheepscw@squarespace.com,119-242-5626
305770,Bidget,Hinckesman,bhinckesmancx@macromedia.com,168-699-7791
446869,Fayette,Spenclay,fspenclaycy@pinterest.com,829-796-2235
672391,Berkeley,Loudian,bloudiancz@sphinn.com,518-808-1968
153948,Kathie,Pavlovsky,kpavlovskyd0@amazon.co.uk,662-383-8973
859416,Adara,Sidworth,asidworthd1@360.cn,965-690-6869
772445,Base,Crippell,bcrippelld2@addthis.com,991-632-5445
490140,Gaby,Anders,gandersd3@webnode.com,460-521-7505
281745,Stace,Spaven,sspavend4@virginia.edu,361-215-1212
833223,Hammad,Fisher,hfisherd5@chronoengine.com,730-913-2231
237483,Irwin,Gilliland,igillilandd6@dot.gov,405-569-1290
544460,Christabella,Ruffles,crufflesd7@va.gov,154-891-8585
191047,Henry,Goodisson,hgoodissond8@jigsy.com,519-129-2141
320185,Stanfield,Lanham,slanhamd9@smugmug.com,722-376-8747
233717,Appolonia,Surridge,asurridgeda@istockphoto.com,139-339-5778
896715,Briana,Reach,breachdb@reverbnation.com,303-286-0695
512720,Harris,Lathbury,hlathburydc@livejournal.com,293-150-3479
348984,Konrad,Mollon,kmollondd@plala.or.jp,323-540-8821
976051,Nadine,Pogue,npoguede@flavors.me,545-265-4438
190485,Zebadiah,Brace,zbracedf@ucoz.ru,520-150-5256
568091,Tadeo,Gravestone,tgravestonedg@newyorker.com,217-391-7967
293462,Axel,Culy,aculydh@unesco.org,411-996-4830
487203,Forster,Umfrey,fumfreydi@phpbb.com,554-973-2563
364402,Renault,Druhan,rdruhandj@artisteer.com,249-415-8029
981192,Chrisy,Sworder,csworderdk@macromedia.com,634-496-0625
909771,Kinsley,Cammocke,kcammockedl@ask.com,878-392-9641
768126,Florrie,Choppin,fchoppindm@ning.com,674-468-4990
875413,Rollins,Gidley,rgidleydn@wikia.com,539-289-6222
128678,Kerri,Bacop,kbacopdo@oakley.com,851-678-0144
901640,Analise,Kift,akiftdp@statcounter.com,585-731-0557
332318,Monro,Ragat,mragatdq@rediff.com,599-290-9503
740612,Ham,Cowdray,hcowdraydr@stumbleupon.com,726-137-2465
182063,Fleurette,Todaro,ftodarods@canalblog.com,574-621-3896
515160,Gwyneth,Pigdon,gpigdondt@cdc.gov,747-843-7237
793904,Essa,Smallpiece,esmallpiecedu@google.cn,319-704-8017
776125,Melli,Helgass,mhelgassdv@unc.edu,727-380-1228
207788,Wandie,Uren,wurendw@ifeng.com,139-434-3940
871617,Danielle,Bragginton,dbraggintondx@about.com,323-754-1750
209033,Jon,Saiz,jsaizdy@psu.edu,575-592-2765
852350,Julie,MacNeillie,jmacneilliedz@google.com.au,151-224-6795
924267,Lem,Bridel,lbridele0@tumblr.com,709-388-1051
117583,Maurie,Doodney,mdoodneye1@taobao.com,401-664-6962
881876,Anica,Standall,astandalle2@hibu.com,427-862-9503
843477,Matt,Malpass,mmalpasse3@google.cn,405-153-1533
521833,Felecia,Whyard,fwhyarde4@google.cn,853-233-4391
851590,Kiah,Ault,kaulte5@hostgator.com,814-402-3681
919278,Marge,Cuthill,mcuthille6@google.it,827-704-1196
930556,Shandeigh,Sells,ssellse7@baidu.com,973-508-1968
966420,Agata,Keets,akeetse8@tumblr.com,106-369-8301
394612,Sydney,Knok,sknoke9@nasa.gov,397-481-8938
549683,Allegra,Werendell,awerendellea@ow.ly,558-353-9631
958788,Gregorio,Blaisdell,gblaisdelleb@patch.com,170-842-5301
980899,Cullie,Fairman,cfairmanec@state.gov,129-213-9770
456749,Vyky,Kelk,vkelked@wikimedia.org,704-184-0030
818166,Adrianna,Cammish,acammishee@cdbaby.com,538-371-6351
828567,Melania,Bravington,mbravingtonef@wikispaces.com,603-961-1842
178777,Jase,Itzcovich,jitzcovicheg@apple.com,986-437-4518
373657,Cornell,Longega,clongegaeh@wsj.com,285-132-9422
890262,Denni,Yurchenko,dyurchenkoei@unc.edu,596-321-2657
153893,Cally,Giovannacc@i,cgiovannacciej@example.com,243-383-6584
595908,Christophorus,Tomblett,ctomblettek@oakley.com,740-263-7396
886906,Lizzy,Vondrys,lvondrysel@chron.com,840-442-2278
246103,Legra,Bolderstone,lbolderstoneem@toplist.cz,887-224-4788
116752,Dougie,Civitillo,dcivitilloen@sphinn.com,707-855-4307
166730,Zacharias,Bricket,zbricketeo@nationalgeographic.com,395-982-7417
366685,Bellanca,Drohun,bdrohunep@booking.com,803-365-5813
465065,Mabelle,Mewes,mmeweseq@de.vu,617-262-0300
613491,Mildrid,Antonsson,mantonssoner@china.com.cn,827-141-0105
464525,Sayers,Febvre,sfebvrees@youtube.com,811-770-3638
964320,Sawyere,Lightewood,slightewoodet@msn.com,714-558-7115
740069,Tomasina,Cornilli,tcornillieu@mashable.com,883-997-7400
728853,Sidonnie,Lutman,slutmanev@unesco.org,246-573-0709
531735,Annalise,Kirvin,akirvinew@delicious.com,700-373-4393
270047,Lenard,Jedrzejkiewicz,ljedrzejkiewiczex@mail.ru,350-656-0068
460713,Temp,Falconer,tfalconerey@networksolutions.com,234-330-0588
292316,Lorette,Northfield,lnorthfieldez@soundcloud.com,762-701-7859
878272,Benito,Keep,bkeepf0@dot.gov,387-245-4496
916237,Boy,Oneal,bonealf1@blogs.com,744-894-4384
784258,Melonie,Halvorsen,mhalvorsenf2@nifty.com,589-844-6742
647561,Nicoline,Oganian,noganianf3@ebay.com,741-183-8299
741012,Mab,Looker,mlookerf4@apple.com,162-161-9212
287264,Perri,Messer,pmesserf5@angelfire.com,422-126-3519
199700,Stu,Josefs,sjosefsf6@sphinn.com,146-331-5429
701254,Augie,Cabbell,acabbellf7@wikia.com,152-836-6949
631527,Ondrea,Lisimore,olisimoref8@theatlantic.com,472-172-8532
883417,Lynnelle,Buckthought,lbuckthoughtf9@japanpost.jp,549-473-6073
562456,Rubina,Clarae,rclaraefa@stumbleupon.com,670-858-5809
405056,Chen,Mc Meekan,cmcmeekanfb@pagesperso-orange.fr,731-434-6843
684674,Phyllys,Gillibrand,pgillibrandfc@storify.com,503-242-1640
810303,Marsha,Teodorski,mteodorskifd@nationalgeographic.com,811-460-5652
661502,Rodney,Pepper,rpepperfe@biblegateway.com,837-661-9288
689337,Kleon,L'Amie,klamieff@histats.com,482-387-5651
546510,Arnoldo,Ciccotti,aciccottifg@bluehost.com,561-132-7205
709544,Tybie,Dight,tdightfh@foxnews.com,255-275-5920
423722,Tynan,Milner,tmilnerfi@sciencedaily.com,359-750-4608
641271,Yorke,Dautry,ydautryfj@apple.com,527-465-0554
926880,Massimiliano,Ferebee,mferebeefk@sakura.ne.jp,894-784-6756
351041,Jacklin,Cornbell,jcornbellfl@google.es,261-496-9994
297817,Daisey,Gotcliff,dgotclifffm@newsvine.com,221-472-5584
403697,Calley,Penhalurick,cpenhalurickfn@foxnews.com,755-707-9091
746046,Lynette,Licari,llicarifo@opensource.org,690-677-9817
986043,Carola,Shelbourne,cshelbournefp@epa.gov,264-881-8474
431699,Diarmid,Streatfeild,dstreatfeildfq@simplemachines.org,275-623-8210
790430,Edvard,Carden,ecardenfr@vk.com,317-792-1666
558240,Con,Gadeaux,cgadeauxfs@wiley.com,302-121-7701
584424,Hew,Pruce,hpruceft@so-net.ne.jp,780-554-3573
128564,Lyn,Took,ltookfu@ibm.com,304-587-5652
831848,Latia,Lattimer,llattimerfv@ask.com,657-228-9936
896471,Ashien,Guidera,aguiderafw@arstechnica.com,232-596-7837
540522,Garrek,Middlewick,gmiddlewickfx@senate.gov,766-873-2416
916317,Amble,Bilam,abilamfy@over-blog.com,614-758-1725
687968,Maria,Eveling,mevelingfz@npr.org,240-583-8866
414260,Amelia,Gudge,agudgeg0@who.int,736-248-0731
118949,Leopold,Willarton,lwillartong1@google.com,272-503-2526
716673,Harrietta,Treasaden,htreasadeng2@nymag.com,132-291-4808
201891,Adelheid,Wyndham,awyndhamg3@examiner.com,625-191-4729
734936,Jobyna,Greschke,jgreschkeg4@seattletimes.com,672-349-2283
494544,Verge,Andover,vandoverg5@hatena.ne.jp,603-852-1723
759712,Bo,Ravelus,bravelusg6@google.cn,250-610-3823
260355,Winnah,Vonasek,wvonasekg7@about.com,434-351-5050
628210,Charleen,Biggen,cbiggeng8@jigsy.com,556-768-8398
113568,Kendal,Perryn,kperryng9@census.gov,921-931-2648
265703,Giordano,Paradyce,gparadycega@prnewswire.com,777-933-5563
529102,Marleen,Stinton,mstintongb@senate.gov,335-486-8315
933475,Kristyn,Kennford,kkennfordgc@who.int,984-486-1650
991542,Pryce,Willey,pwilleygd@census.gov,599-891-8536
287633,Malorie,Joblin,mjoblinge@ted.com,619-619-4478
777046,Lind,Maxworthy,lmaxworthygf@nsw.gov.au,534-444-2807
331821,Lidia,Zold,lzoldgg@foxnews.com,247-445-6368
984152,Forester,O'Nolan,fonolangh@slate.com,732-411-2923
985580,Tatiana,Batalle,tbatallegi@sogou.com,820-753-4344
933354,Jule,Haverson,jhaversongj@nymag.com,291-747-0912
361015,Ogdan,Keays,okeaysgk@ameblo.jp,655-853-2810
580745,Tadeo,Tesche,tteschegl@purevolume.com,223-766-4034
942068,Keen,Crosetti,kcrosettigm@webs.com,572-812-3313
581575,Chrissie,Bodill,cbodillgn@wix.com,216-973-2400
882481,Gherardo,Martynikhin,gmartynikhingo@redcross.org,815-583-5057
873684,Ophelie,Shadbolt,oshadboltgp@nationalgeographic.com,412-685-5077
476934,Nap,Fury,nfurygq@blinklist.com,865-554-1915
638735,Leann,Galliver,lgallivergr@last.fm,694-398-3995
768726,Ulick,Barendtsen,ubarendtsengs@miibeian.gov.cn,419-550-5200
293536,Dag,Prandy,dprandygt@is.gd,563-982-1049
552203,Stearn,Fuggle,sfugglegu@macromedia.com,982-985-1996
197844,Gregory,Abercromby,gabercrombygv@photobucket.com,286-443-9966
641639,Elinore,Byart,ebyartgw@wiley.com,579-340-9615
141221,Lucian,Cotillard,lcotillardgx@tripadvisor.com,569-125-1874
468948,Karina,Warr,kwarrgy@ocn.ne.jp,759-522-1659
214752,Erin,Barde,ebardegz@diigo.com,702-821-9586
782182,Konstanze,Drury,kdruryh0@disqus.com,217-679-9173
118031,Jarad,Collington,jcollingtonh1@bravesites.com,620-897-2937
769901,Nikolai,Hastilow,nhastilowh2@hibu.com,125-730-0460
728433,Anatollo,Lambshine,alambshineh3@squidoo.com,876-527-5280
650355,Normand,Alwood,nalwoodh4@rambler.ru,185-693-9683
437185,Gae,Moffat,gmoffath5@printfriendly.com,561-316-1926
474570,Godfree,Pancoast,gpancoasth6@usatoday.com,673-821-6701
219787,Minna,Cowdroy,mcowdroyh7@fema.gov,587-624-0204
487099,Junette,Coupman,jcoupmanh8@telegraph.co.uk,213-834-0997
748154,Jobyna,Rasell,jrasellh9@telegraph.co.uk,270-266-5574
438844,Merle,Ohm,mohmha@biglobe.ne.jp,360-974-2880
294207,Pietrek,Lahy,plahyhb@ted.com,780-919-0027
411569,Shena,Camplin,scamplinhc@qq.com,311-958-4218
705431,Obie,Emberton,oembertonhd@abc.net.au,498-749-6035
683259,Beret,Raden,bradenhe@usda.gov,856-314-1692
702110,Perrine,Kyne,pkynehf@symantec.com,913-602-1810
673783,Harmonia,Horsell,hhorsellhg@go.com,978-228-1334
498651,Maddy,Garnett,mgarnetthh@storify.com,832-709-4369
707037,Omero,Moth,omothhi@about.me,428-627-2601
861673,Emlyn,Torresi,etorresihj@oakley.com,960-270-8246
864945,Vincenz,Stilwell,vstilwellhk@sina.com.cn,956-849-3925
535919,Dawn,Sproson,dsprosonhl@elegantthemes.com,260-804-5696
958434,Llywellyn,Heindrich,lheindrichhm@macromedia.com,717-991-0149
284454,Dev,Antonetti,dantonettihn@vk.com,317-423-4079
761232,Wally,Triggs,wtriggsho@multiply.com,875-970-5848
763803,Prent,Rebichon,prebichonhp@squidoo.com,879-839-5583
623441,Franciska,Dakhno,fdakhnohq@ibm.com,419-907-0431
177534,Poppy,Dunlap,pdunlaphr@flavors.me,932-601-2588
118712,Timmie,Bussy,tbussyhs@cloudflare.com,509-835-5867
111980,Garreth,Stoite,gstoiteht@berkeley.edu,669-710-4680
743596,Aland,Bayly,abaylyhu@earthlink.net,917-271-5082
815042,Rock,Keningham,rkeninghamhv@feedburner.com,722-165-1891
536258,Gale,McTeague,gmcteaguehw@umn.edu,472-685-1563
330675,Friedrich,Newson,fnewsonhx@imgur.com,326-218-2540
656022,Scott,Khomin,skhominhy@xing.com,873-444-7054
994253,Beatrix,Vayne,bvaynehz@indiegogo.com,192-624-7916
194518,Neysa,Planque,nplanquei0@sfgate.com,245-928-8070
311604,Tammy,Vinnick,tvinnicki1@wordpress.org,949-954-9787
227243,Gabey,McBrier,gmcbrieri2@archive.org,441-528-8168
465210,Gaspar,Marchington,gmarchingtoni3@naver.com,315-169-6617
396281,Jon,Cardno,jcardnoi4@virginia.edu,928-899-8249
202565,Camila,McFall,cmcfalli5@disqus.com,685-106-0415
678094,Verney,Mellsop,vmellsopi6@sohu.com,967-413-1218
487264,Catherine,Berrey,cberreyi7@google.co.uk,451-844-3998
619576,Josie,Clapperton,jclappertoni8@eventbrite.com,292-775-0333
728280,Mallory,Martinyuk,mmartinyuki9@privacy.gov.au,930-358-3554
965082,Aldon,Fielder,afielderia@blogger.com,376-741-0208
874527,Jean,Belk,jbelkib@google.co.uk,927-205-4241
207444,Kassi,Natalie,knatalieic@wufoo.com,113-732-6048
154605,Lutero,Leathe,lleatheid@statcounter.com,481-733-0873
763118,Trent,Graalman,tgraalmanie@newsvine.com,398-436-1241
314904,Isidoro,Wedderburn,iwedderburnif@google.it,368-206-6883
809616,Lynn,Parkyns,lparkynsig@furl.net,614-155-6220
633199,Nat,Guilloux,nguillouxih@friendfeed.com,330-662-2486
498638,Bradan,Kindread,bkindreadii@hugedomains.com,991-217-6746
990527,Lewie,Brabham,lbrabhamij@pagesperso-orange.fr,607-972-0641
276449,Bobby,Cumine,bcumineik@latimes.com,292-431-5175
582803,Steffie,Rickcord,srickcordil@dailymotion.com,327-735-3177
416511,Irvine,Gerrish,igerrishim@hugedomains.com,787-430-8950
237571,Wilhelm,Cruikshank,wcruikshankin@godaddy.com,781-511-9036
940001,Pammy,Chesshyre,pchesshyreio@independent.co.uk,675-220-6064
248081,Cyndy,Bulger,cbulgerip@dedecms.com,941-757-0108
275096,Henri,Orae,horaeiq@huffingtonpost.com,291-666-6129
472882,Ethan,Daubeny,edaubenyir@yahoo.com,546-100-1262
122994,Basil,Thomsen,bthomsenis@tinyurl.com,780-591-7816
205698,Fidel,Akister,fakisterit@scientificamerican.com,441-868-2138
800293,Sidney,Smitheman,ssmithemaniu@sourceforge.net,715-942-5188
683674,Neron,Ellwood,nellwoodiv@blinklist.com,879-573-9432
173487,Rik,Martensen,rmartenseniw@adobe.com,755-550-5394
979548,Elyssa,Merriment,emerrimentix@thetimes.co.uk,568-309-0894
915589,Torre,Forestall,tforestalliy@live.com,352-918-7681
163204,Brook,Jilkes,bjilkesiz@webnode.com,414-915-0811
257552,Timothee,Blakey,tblakeyj0@archive.org,766-306-9080
715490,Marney,Garioch,mgariochj1@csmonitor.com,570-950-7932
984657,Arni,Giottini,agiottinij2@ehow.com,563-568-7199
631677,Matilda,Owtram,mowtramj3@epa.gov,702-376-5707
813879,Kerianne,Filewood,kfilewoodj4@wsj.com,654-363-9001
427438,Billi,Morrish,bmorrishj5@ucla.edu,642-672-3854
205471,Cully,Strippel,cstrippelj6@jalbum.net,911-934-6581
332432,Rasla,Grayson,rgraysonj7@census.gov,800-296-9543
625638,Chet,Custance,ccustancej8@fc2.com,319-981-7992
710188,Linea,MacCaghan,lmaccaghanj9@msn.com,483-354-8920
773578,Giacomo,Haythornthwaite,ghaythornthwaiteja@quantcast.com,922-682-9883
743434,Samaria,Croysdale,scroysdalejb@gmpg.org,583-753-8446
229110,Lynnell,Coldridge,lcoldridgejc@seesaa.net,483-725-1035
933853,Karrie,Mundell,kmundelljd@hao123.com,525-233-7744
643433,Nestor,Swalteridge,nswalteridgeje@exblog.jp,675-833-1645
794200,Patrica,Grandisson,pgrandissonjf@amazon.de,571-154-4492
582639,Link,Keher,lkeherjg@goo.gl,771-432-0548
491214,Mikkel,Saylor,msaylorjh@sohu.com,200-634-3616
224098,Gordan,Tetley,gtetleyji@flavors.me,158-614-0250
736912,Marc,McGaughay,mmcgaughayjj@slideshare.net,150-511-6564
227249,Saundra,Canceller,scancellerjk@hud.gov,232-532-3734
431462,Milka,Greensitt,mgreensittjl@timesonline.co.uk,990-492-9183
286333,Kissiah,Cuxon,kcuxonjm@meetup.com,709-367-5574
384825,Marianne,Troubridge,mtroubridgejn@mac.com,153-217-8045
929136,Dory,Roly,drolyjo@gov.uk,772-747-2717
197882,Lemmie,Bartolomeazzi,lbartolomeazzijp@java.com,589-324-2306
993619,Parnell,MattiCCI,pmatticcijq@cloudflare.com,502-502-8072
333440,Deb,Bubeer,dbubeerjr@biblegateway.com,706-526-7077
677839,Fidole,Carrack,fcarrackjs@bloomberg.com,340-965-0969
949522,Redford,Darleston,rdarlestonjt@pen.io,155-971-5907
905153,Janine,Kapelhof,jkapelhofju@artisteer.com,570-426-8428
736694,Amalita,Balsillie,abalsilliejv@ameblo.jp,554-403-1324
692775,Paton,Ferriere,pferrierejw@earthlink.net,560-140-7645
995816,Aurelia,Aiers,aaiersjx@walmart.com,114-207-4268
275753,Erma,Thornebarrow,ethornebarrowjy@umn.edu,855-594-1500
206940,Benedict,Renahan,brenahanjz@indiegogo.com,254-584-6116
668837,Natka,Tomich,ntomichk0@tiny.cc,292-659-3173
343855,Moyna,Drinkall,mdrinkallk1@craigslist.org,710-194-9943
235618,Ardelle,de Zamora,adezamorak2@tripod.com,683-799-6565
567872,Wendall,Waddam,wwaddamk3@webs.com,419-217-0796
577402,Birdie,Locard,blocardk4@hatena.ne.jp,268-963-0406
542479,Concordia,Sinnocke,csinnockek5@jalbum.net,525-178-4312
892445,Florence,Kellert,fkellertk6@pinterest.com,938-761-5563
251086,Denny,Simonite,dsimonitek7@symantec.com,958-703-7954
412351,Orran,Jeaneau,ojeaneauk8@spiegel.de,202-902-4261
677962,Clevey,Wolstenholme,cwolstenholmek9@usda.gov,705-236-2525
783444,Marje,Halston,mhalstonka@123-reg.co.uk,212-182-8434
774419,Lia,Fotitt,lfotittkb@zdnet.com,415-122-9457
997290,Vernon,Irnis,virniskc@studiopress.com,289-503-4865
374206,Russ,Glendza,rglendzakd@unesco.org,333-281-6972
933972,Gianina,Hanselmann,ghanselmannke@nasa.gov,695-233-0133
282139,Florian,Matthews,fmatthewskf@cnet.com,530-638-4295
179393,Fanchette,Eustes,feusteskg@sina.com.cn,944-426-7410
804103,Parnell,Caudrelier,pcaudrelierkh@t-online.de,670-733-3961
853046,Pet,Gozard,pgozardki@noaa.gov,436-897-2544
713137,Harris,Angus,hanguskj@bandcamp.com,579-652-7937
984149,Jorge,Manna,jmannakk@washingtonpost.com,989-149-7769
493698,Michaelina,Sollowaye,msollowayekl@exblog.jp,118-882-8779
578788,Carmella,Northin,cnorthinkm@springer.com,717-323-9715
223162,Norma,Andreotti,nandreottikn@seesaa.net,784-469-8653
397767,Thacher,Phittiplace,tphittiplaceko@ovh.net,779-350-3569
616079,Alysa,Goggan,agoggankp@theglobeandmail.com,111-646-7901
857227,Ximenes,Brennand,xbrennandkq@cbsnews.com,289-813-0064
634053,Fiann,Rosentholer,frosentholerkr@google.ca,795-603-2981
260565,Alika,McGaughey,amcgaugheyks@dmoz.org,329-341-2433
207837,Kele,Waltho,kwalthokt@oracle.com,159-463-1270
629722,Brooks,Quinnet,bquinnetku@com.com,816-378-7901
711254,Olivero,Densell,odensellkv@printfriendly.com,378-614-5133
998762,Griffie,Eighteen,geighteenkw@sfgate.com,309-336-4268
680304,Valaree,Grievson,vgrievsonkx@mtv.com,516-735-8494
884178,Pamelina,Caldes,pcaldesky@who.int,837-206-9086
483964,Eddie,Dubock,edubockkz@dedecms.com,855-942-9381
779782,Shalom,Endrici,sendricil0@hud.gov,230-953-6552
735794,Kyla,Dairton,kdairtonl1@csmonitor.com,829-847-0348
569503,Bil,Boniface,bbonifacel2@si.edu,943-296-8681
246247,Broddie,Marquis,bmarquisl3@angelfire.com,929-904-7169
985602,Ransom,MacIlwrick,rmacilwrickl4@prweb.com,117-492-4770
370321,Ginger,Skeermor,gskeermorl5@about.me,473-452-3485
696664,Gabi,Mustill,gmustilll6@sohu.com,339-986-4866
610046,Gregorius,Synke,gsynkel7@craigslist.org,406-837-2891
100922,Laraine,Taysbil,ltaysbill8@creativecommons.org,875-259-6248
297649,Gilly,Van der Merwe,gvandermerwel9@examiner.com,980-301-6029
713455,Orion,Biesterfeld,obiesterfeldla@bigcartel.com,244-127-5319
726596,Court,Conrart,cconrartlb@canalblog.com,220-248-5906
982216,Jessalyn,McClaughlin,jmcclaughlinlc@amazon.co.uk,643-253-6585
882040,Judith,Vandrill,jvandrillld@imageshack.us,509-389-8936
495295,Warren,Barling,wbarlingle@4shared.com,499-522-6393
191969,Nichole,Rangell,nrangelllf@photobucket.com,161-128-7660
293432,Theresina,Spennock,tspennocklg@latimes.com,581-638-1102
437648,Tab,Kedwell,tkedwelllh@kickstarter.com,286-565-3122
878319,Ferd,Deane,fdeaneli@webeden.co.uk,865-377-5944
681885,Hobey,Weich,hweichlj@deliciousdays.com,639-294-8945
548228,Almeda,Worge,aworgelk@google.nl,772-625-4790
982128,Putnam,Tillman,ptillmanll@feedburner.com,205-479-6398
118205,Mariam,Sarfas,msarfaslm@merriam-webster.com,959-116-0850
454304,Ringo,Hanrott,rhanrottln@bloglovin.com,966-334-0608
969122,Sherm,Wrist,swristlo@unicef.org,532-918-9992
941167,Malory,Freckingham,mfreckinghamlp@ihg.com,691-389-5743
551776,Mary,Swinburne,mswinburnelq@theglobeandmail.com,832-247-2918
105712,Corey,Pester,cpesterlr@angelfire.com,803-838-3461
744189,Gratia,Corkell,gcorkellls@mac.com,150-513-9479
615201,Francene,Boulden,fbouldenlt@ow.ly,501-929-5380
313593,Cyndie,Irdale,cirdalelu@discuz.net,589-124-9235
952514,Clementine,Athy,cathylv@nydailynews.com,975-757-7194
724370,Oby,Besse,obesselw@storify.com,891-397-7942
510724,Pam,Jeeks,pjeekslx@squarespace.com,325-299-0316
952071,Ransell,Falkus,rfalkusly@forbes.com,793-422-9888
775559,Briney,Bevir,bbevirlz@amazon.co.jp,713-730-7733
867387,Winna,Dincey,wdinceym0@amazon.co.jp,895-328-0743
380095,Donnie,Emps,dempsm1@redcross.org,592-201-4034
245168,Blanca,Gamlyn,bgamlynm2@odnoklassniki.ru,966-869-6284
725826,Grissel,Orpin,gorpinm3@ask.com,217-339-9271
811551,Breanne,Hynard,bhynardm4@com.com,714-880-4144
930068,Corrinne,Yoslowitz,cyoslowitzm5@eventbrite.com,733-118-3763
827605,Shermy,Goodbarr,sgoodbarrm6@privacy.gov.au,555-875-0648
555080,Cathlene,Maddox,cmaddoxm7@digg.com,359-923-6893
969589,Correy,Kirckman,ckirckmanm8@hugedomains.com,560-853-7788
265292,Ashley,Guidoni,aguidonim9@latimes.com,949-970-4886
394805,Andy,Eilhart,aeilhartma@mayoclinic.com,319-564-8535
628220,Damara,Angliss,danglissmb@thetimes.co.uk,276-692-3523
349893,Anna-diane,Foale,afoalemc@w3.org,387-636-8353
411706,Aldwin,Grievson,agrievsonmd@fda.gov,653-956-1615
117425,Bob,Fitzsymons,bfitzsymonsme@github.io,492-462-5278
661190,Antonie,Cecchi,acecchimf@imgur.com,536-614-7490
220727,Pamela,Terrett,pterrettmg@guardian.co.uk,485-588-6194
147922,Klement,Daen,kdaenmh@dedecms.com,771-245-2698
894687,Roxi,Ricard,rricardmi@homestead.com,788-691-7662
849036,Alisha,Urvoy,aurvoymj@blog.com,557-870-9376
985578,Ilse,Battyll,ibattyllmk@patch.com,765-985-4391
679164,Amalle,Pattullo,apattulloml@slashdot.org,522-603-0115
178143,Nettle,Habbijam,nhabbijammm@imdb.com,847-758-6329
657541,Loree,Vivash,lvivashmn@last.fm,731-848-3992
734536,Evey,Hustings,ehustingsmo@etsy.com,968-586-9996
851027,Pamelina,McAllen,pmcallenmp@woothemes.com,227-608-0716
939725,Con,Fuentez,cfuentezmq@wordpress.com,384-809-5981
183367,Baxter,Sheircliffe,bsheircliffemr@nyu.edu,482-127-7812
857006,Nichols,Haglington,nhaglingtonms@wordpress.com,615-684-2685
932468,Raffaello,McGennis,rmcgennismt@github.io,597-756-5709
816536,Josee,Gowans,jgowansmu@statcounter.com,225-481-4561
806541,Harriet,Bewfield,hbewfieldmv@quantcast.com,405-318-7628
183575,Royal,Detoile,rdetoilemw@ft.com,214-857-6418
204611,Francklyn,Crocroft,fcrocroftmx@alibaba.com,799-307-9412
207225,Grata,Delves,gdelvesmy@liveinternet.ru,960-207-8842
586425,Gayelord,Vescovini,gvescovinimz@prnewswire.com,648-948-1216
728138,Marve,Greenley,mgreenleyn0@ted.com,951-262-5981
798596,Elsinore,Wager,ewagern1@weibo.com,816-139-6371
631470,Estrella,Kleinzweig,ekleinzweign2@sphinn.com,554-720-3783
633324,Randy,Graundisson,rgraundissonn3@hostgator.com,472-913-8785
541545,Karil,Vigneron,kvigneronn4@pbs.org,721-404-5238
882850,Simeon,Port,sportn5@umn.edu,867-377-2111
293215,Muffin,Ribeiro,mribeiron6@fastcompany.com,727-786-5023
806115,Alvan,Ritson,aritsonn7@squidoo.com,616-985-6598
724356,Sollie,Thiese,sthiesen8@state.gov,920-989-2377
845690,Walliw,Ramelet,wrameletn9@businessweek.com,609-528-5030
739860,Lisette,Emanson,lemansonna@icio.us,937-242-7486
522570,Avram,Phipard-Shears,aphipardshearsnb@bbb.org,826-691-4906
401551,Lolly,Rheubottom,lrheubottomnc@seesaa.net,653-644-3406
293484,Maire,Weitzel,mweitzelnd@cornell.edu,554-304-9920
861670,Immanuel,Colliar,icolliarne@bluehost.com,238-946-6081
495186,Shane,Cash,scashnf@wordpress.com,250-661-9206
629742,Veronica,Schwaiger,vschwaigerng@flickr.com,952-416-5932
670599,Aigneis,Bovaird,abovairdnh@cdbaby.com,658-930-6680
907815,Ninette,Rodbourne,nrodbourneni@unblog.fr,604-747-7146
575969,Gabriel,Kearns,gkearnsnj@disqus.com,545-204-2602
496196,Boot,Sockell,bsockellnk@europa.eu,463-784-1580
216282,Bastian,Hammon,bhammonnl@github.com,231-958-9971
820486,Noreen,Geane,ngeanenm@marriott.com,562-801-6419
819778,Lance,Mosby,lmosbynn@i2i.jp,318-645-3688
433946,Janean,Vondruska,jvondruskano@marketwatch.com,323-181-0006
938018,Mill,Sprake,msprakenp@last.fm,992-265-7131
155913,Derick,Shucksmith,dshucksmithnq@businessinsider.com,257-798-2433
608841,Thaddeus,Blader,tbladernr@timesonline.co.uk,498-740-9588
561621,Shalne,Viner,svinerns@unesco.org,312-270-6393
955239,Ludwig,Rodolphe,lrodolphent@blogspot.com,359-627-0378
666165,Zerk,Lorenc,zlorencnu@meetup.com,693-433-9458
434341,Leola,Withrington,lwithringtonnv@miibeian.gov.cn,485-883-5465
876171,Eugenia,Merit,emeritnw@php.net,136-201-4353
404942,Bryon,Baddam,bbaddamnx@intel.com,349-206-6194
403999,Corenda,MacGillivray,cmacgillivrayny@nifty.com,555-246-6290
386024,Robinet,Han,rhannz@deliciousdays.com,975-375-6748
203785,Jim,Chattaway,jchattawayo0@trellian.com,694-393-2540
867478,Clerkclaude,Longdon,clongdono1@blogs.com,725-266-7307
430977,Alejandrina,Sandes,asandeso2@tinypic.com,382-236-2730
118938,Garland,Abbiss,gabbisso3@omniture.com,623-694-5475
602127,Hermine,Lorinez,hlorinezo4@cnet.com,593-275-5946
124578,Corenda,Giorgetti,cgiorgettio5@upenn.edu,795-429-2023
233685,Zia,Stansby,zstansbyo6@webnode.com,188-903-9444
774303,Garrett,Kynston,gkynstono7@state.tx.us,717-262-8110
939453,Harris,Bompass,hbompasso8@studiopress.com,532-315-9663
681570,Agretha,Abbyss,aabbysso9@purevolume.com,433-465-1646
935591,Susy,Silbermann,ssilbermannoa@state.gov,615-411-7835
781052,Noe,Sturge,nsturgeob@paginegialle.it,279-634-4827
814967,Teddy,Van Arsdall,tvanarsdalloc@twitter.com,660-787-9427
151866,Anatole,Kliche,aklicheod@wunderground.com,768-999-2363
308679,Luci,Culmer,lculmeroe@washington.edu,550-700-2109
340528,Rriocard,Poncet,rponcetof@hubpages.com,894-666-4644
734343,Purcell,Bullon,pbullonog@163.com,846-823-7541
593285,Heall,Caddan,hcaddanoh@sfgate.com,748-633-5063
474429,Jermayne,Penny,jpennyoi@issuu.com,832-498-1490
647814,Gilda,Pentin,gpentinoj@twitpic.com,353-460-4144
634971,Dari,Ozanne,dozanneok@rakuten.co.jp,851-123-7051
457846,Sarene,Christescu,schristescuol@si.edu,954-979-0471
892881,Opal,Cornillot,ocornillotom@shop-pro.jp,601-837-5544
255176,Elaine,Canadas,ecanadason@vistaprint.com,709-454-5885
542810,Teddie,Yeomans,tyeomansoo@taobao.com,640-891-0388
423564,Redd,Cristofori,rcristoforiop@cbsnews.com,539-265-9346
919551,Nari,Bottjer,nbottjeroq@uol.com.br,766-530-6228
977360,Worthy,Grebbin,wgrebbinor@pbs.org,988-583-6952
534220,Lynda,McMichael,lmcmichaelos@opensource.org,247-172-9782
708068,Ninette,Mattisssen,nmattisssenot@answers.com,506-208-9370
205522,Elle,Paler,epalerou@stanford.edu,528-751-0457
654376,Shannon,Geldeard,sgeldeardov@wordpress.org,189-152-4821
177451,Cahra,Neal,cnealow@hao123.com,244-704-3044
488200,Elfreda,Zimmer,ezimmerox@rambler.ru,344-827-0291
816119,Rooney,McGaugie,rmcgaugieoy@opera.com,433-291-4985
174561,Ernst,Killough,ekilloughoz@hhs.gov,151-270-8458
837233,Hilario,Sturgeon,hsturgeonp0@globo.com,384-986-0659
628548,Trstram,MacFadzan,tmacfadzanp1@biglobe.ne.jp,959-993-8303
894441,Fielding,Wetwood,fwetwoodp2@sun.com,816-107-2396
486503,Bryce,Dewitt,bdewittp3@homestead.com,979-349-7993
602119,Emilee,Costanza,ecostanzap4@google.de,852-924-2922
718095,Joby,Widdecombe,jwiddecombep5@techcrunch.com,155-685-3789
265813,Lyon,Shildrick,lshildrickp6@smh.com.au,704-747-6518
715449,Zitella,Tregien,ztregienp7@blogtalkradio.com,636-908-7472
588777,Lutero,Skermer,lskermerp8@comcast.net,833-195-8621
666661,Georgy,Mordin,gmordinp9@ameblo.jp,614-948-2123
892334,Pete,Eddowis,peddowispa@simplemachines.org,651-170-2426
215664,Reggie,Bridal,rbridalpb@independent.co.uk,308-991-3180
303090,Jack,Leggen,jleggenpc@techcrunch.com,695-167-7711
179349,Tod,Hovenden,thovendenpd@wp.com,195-728-7554
655240,Zelda,Colbron,zcolbronpe@w3.org,544-565-3128
540682,Eduino,Markham,emarkhampf@pbs.org,740-234-3108
284458,Katee,Chambers,kchamberspg@ftc.gov,241-724-9023
445991,Mufinella,Crockley,mcrockleyph@tuttocitta.it,715-895-9026
398763,Marcellina,Frany,mfranypi@netlog.com,724-427-3979
421765,Shauna,Connah,sconnahpj@ow.ly,104-103-7209
168662,Giovanna,Rosenberger,grosenbergerpk@time.com,745-508-4999
655015,Ruy,Wohlers,rwohlerspl@hp.com,668-984-9773
175846,Bethena,Dudley,bdudleypm@ibm.com,126-373-9037
208933,Maude,MattiCCI,mmatticcipn@vk.com,503-961-0741
526301,Lib,Janway,ljanwaypo@tumblr.com,585-789-3560
730047,Lenette,Farey,lfareypp@gravatar.com,346-398-6299
971576,Malena,Kezor,mkezorpq@apple.com,883-615-1136
749048,Idell,Eddisford,ieddisfordpr@list-manage.com,329-363-8308
539631,Calv,Syme,csymeps@unc.edu,998-631-4878
918075,Zelig,Hardinge,zhardingept@gnu.org,879-850-1679
156403,Pierette,Hulme,phulmepu@google.ca,154-117-4124
201183,Erinn,Stallard,estallardpv@ustream.tv,553-251-8281
163694,Westleigh,Yushachkov,wyushachkovpw@twitpic.com,978-901-8036
218784,Lanette,O'Fihily,lofihilypx@reverbnation.com,989-152-5900
275300,Lee,Tumility,ltumilitypy@opera.com,606-848-9129
339122,Maurits,Goodband,mgoodbandpz@soup.io,518-859-8595
152810,Agnola,Gresly,agreslyq0@etsy.com,298-987-8643
645286,Maison,Van der Brugge,mvanderbruggeq1@alexa.com,362-279-4465
714283,Berton,Gartery,bgarteryq2@sina.com.cn,679-933-0056
648359,Dilan,Petersen,dpetersenq3@hud.gov,213-199-2975
202187,Margaux,Stebbing,mstebbingq4@timesonline.co.uk,875-660-0905
503430,Farrel,Lovemore,flovemoreq5@cnbc.com,589-843-0148
449458,Dugald,Wetherald,dwetheraldq6@businesswire.com,242-242-1174
974957,Reba,Jahnke,rjahnkeq7@chicagotribune.com,653-326-7819
872052,Elroy,Nevison,enevisonq8@guardian.co.uk,427-138-6768
640487,Hurlee,Dear,hdearq9@oakley.com,101-240-7047
897903,Willetta,Shiel,wshielqa@washington.edu,291-696-0901
649769,Lyndy,Doram,ldoramqb@tinyurl.com,435-384-6830
993783,Karel,Ludwell,kludwellqc@nydailynews.com,487-939-1859
563654,Alexia,Tower,atowerqd@newyorker.com,281-294-8299
518251,Paige,Challiss,pchallissqe@jalbum.net,250-510-9704
192557,Addia,Goseling,agoselingqf@list-manage.com,169-169-2428
204685,Mavra,Poulney,mpoulneyqg@edublogs.org,606-221-9481
704654,Honoria,Packer,hpackerqh@slashdot.org,638-487-4883
776679,Enos,Drewry,edrewryqi@accuweather.com,635-665-6333
419187,Clint,Andras,candrasqj@netscape.com,988-386-0880
454345,Irene,Ham,ihamqk@seesaa.net,729-952-0465
850563,Meg,Pepall,mpepallql@home.pl,630-478-9063
257375,Richardo,Howkins,rhowkinsqm@etsy.com,948-925-6052
352460,Genia,Tolomei,gtolomeiqn@geocities.com,771-844-4011
780338,Ulrica,Cosbey,ucosbeyqo@ameblo.jp,682-499-3432
754641,Georg,Moncey,gmonceyqp@wikipedia.org,231-136-0372
675167,Irwinn,Luchetti,iluchettiqq@hp.com,242-125-1431
907991,Saba,Damsell,sdamsellqr@aol.com,713-401-6267
407835,Morten,Arnull,marnullqs@cbslocal.com,245-641-5691
422702,Johan,Feaviour,jfeaviourqt@sina.com.cn,709-197-7982
590268,Skylar,McKenney,smckenneyqu@seesaa.net,576-352-8901
720887,Abner,Hardwick,ahardwickqv@jiathis.com,934-282-8699
790535,Jordan,Posse,jposseqw@alexa.com,932-462-7725
948775,Alonso,Huckfield,ahuckfieldqx@mashable.com,131-311-3231
360483,Evangeline,Warriner,ewarrinerqy@pinterest.com,412-250-4498
198537,Gladi,Bretelle,gbretelleqz@economist.com,259-758-9447
898270,Caresse,Whyley,cwhyleyr0@cnet.com,735-732-9880
258257,Egan,Baglin,ebaglinr1@google.co.uk,116-906-9740
601222,Kinnie,Deporte,kdeporter2@foxnews.com,544-846-3863
817402,Haleigh,Cleminshaw,hcleminshawr3@bigcartel.com,510-186-0902
814521,Deny,Marrion,dmarrionr4@usgs.gov,836-621-5570
892654,Fey,Yarnold,fyarnoldr5@cdbaby.com,904-496-9488
940968,Allard,Bugs,abugsr6@stumbleupon.com,772-286-0246
226881,Aveline,Flaunders,aflaundersr7@slideshare.net,448-994-7196
839929,Hildagarde,Cordero,hcorderor8@cmu.edu,581-252-0169
761853,Georgy,Mower,gmowerr9@cam.ac.uk,608-494-0929
606015,Loleta,Gibling,lgiblingra@tinypic.com,802-118-7056
555683,Karissa,Corker,kcorkerrb@drupal.org,732-845-1045
888798,Cathrine,Bound,cboundrc@360.cn,171-686-8760
727330,Murdock,Spearett,mspearettrd@uol.com.br,626-170-9972
201590,Mendy,Gotts,mgottsre@epa.gov,577-196-1970
253844,Wallis,Vaskin,wvaskinrf@examiner.com,459-431-4125
289626,Eugenius,Fowlie,efowlierg@cyberchimps.com,189-661-8693
529678,Kenny,Worgan,kworganrh@berkeley.edu,937-288-7617
398803,Kala,Beament,kbeamentri@gov.uk,185-421-6073
640014,Wilt,Judge,wjudgerj@wordpress.com,999-163-1565
535384,Rafaellle,Havenhand,rhavenhandrk@github.com,338-950-7224
772945,Gerik,Ordidge,gordidgerl@bravesites.com,118-800-4149
622908,Nyssa,Chick,nchickrm@answers.com,412-272-2473
622538,Tyler,Jeacocke,tjeacockern@newsvine.com,500-419-0311
930186,Fabiano,Yegorovnin,fyegorovninro@zdnet.com,302-571-7007
662196,Guido,Enoksson,genokssonrp@sciencedirect.com,253-235-6342
889989,Natale,Zoren,nzorenrq@lycos.com,802-131-9824
719019,Olenka,de Amaya,odeamayarr@wp.com,134-664-0201
